theme,code,name,industry,mcap_억,adtv_억,rev_yoy,mom_12_1,dist_from_12mhigh,선반영플래그,guardrail,thesis,무효화트리거
로봇,036930,주성엔지니어링,특수 목적용 기계 제조업,91521,7012.1,-0.2411,5.4412,-0.0155,급등/고점근접,PASS,,
로봇,420770,기가비스,특수 목적용 기계 제조업,15895,184.9,1.0064,4.5019,-0.1132,급등,PASS,,
로봇,089890,코세스,특수 목적용 기계 제조업,6219,100.8,0.1907,4.4075,-0.2089,급등,PASS,,
로봇,319660,피에스케이,특수 목적용 기계 제조업,26244,472.9,0.1486,4.0852,-0.0802,급등,PASS,,
로봇,064290,인텍플러스,특수 목적용 기계 제조업,5062,187.6,0.0702,3.7303,-0.0653,급등,PASS,,
로봇,095610,테스,특수 목적용 기계 제조업,20251,365.1,0.4625,3.6982,-0.1217,급등,PASS,,
로봇,417840,저스템,특수 목적용 기계 제조업,3370,230.9,0.2478,3.6902,-0.1532,급등,PASS,,
로봇,089970,브이엠,특수 목적용 기계 제조업,13426,270.2,1.0549,3.6598,-0.0798,급등,PASS,,
로봇,108490,로보티즈,특수 목적용 기계 제조업,59361,4333.7,0.2964,3.5788,0.0,급등/고점근접,PASS,,
로봇,240810,원익IPS,특수 목적용 기계 제조업,48053,650.1,0.216,3.0076,-0.2205,급등,PASS,,
로봇,090360,로보스타,특수 목적용 기계 제조업,15483,2496.4,-0.1504,2.2192,0.0,급등/고점근접,PASS,,
로봇,053610,프로텍,특수 목적용 기계 제조업,6750,57.5,0.3538,2.1959,-0.0876,급등,PASS,,
로봇,084370,유진테크,특수 목적용 기계 제조업,27453,269.3,0.0363,2.1714,-0.106,급등,PASS,,
로봇,031980,피에스케이홀딩스,특수 목적용 기계 제조업,21692,241.1,-0.0359,2.0241,-0.1907,급등,PASS,,
로봇,090710,휴림로봇,특수 목적용 기계 제조업,13069,732.8,0.2645,1.9871,-0.2578,급등,PASS,,
로봇,083450,GST,특수 목적용 기계 제조업,8883,200.0,0.0027,1.7703,-0.1041,급등,PASS,,
로봇,092870,엑시콘,특수 목적용 기계 제조업,3654,77.6,1.0887,1.7678,-0.2371,급등,PASS,,
로봇,039030,이오테크닉스,특수 목적용 기계 제조업,53220,726.5,0.1868,1.7229,-0.0769,급등,PASS,,
로봇,277810,레인보우로보틱스,특수 목적용 기계 제조업,148021,2276.2,0.7638,1.5027,-0.1128,급등,PASS,,
로봇,160980,싸이맥스,특수 목적용 기계 제조업,3288,48.8,-0.004,1.4807,-0.1909,급등,PASS,,
로봇,183300,코미코,특수 목적용 기계 제조업,9509,223.4,0.1912,1.4441,0.0,급등/고점근접,PASS,,
로봇,171090,선익시스템,특수 목적용 기계 제조업,7395,81.2,3.5673,1.2968,-0.4412,급등,PASS,,
로봇,098460,고영,특수 목적용 기계 제조업,22175,485.5,0.1487,1.1371,-0.1975,급등,PASS,,
로봇,323280,태성,특수 목적용 기계 제조업,15849,176.2,-0.3606,1.1183,-0.3472,급등,PASS,,
로봇,056080,유진로봇,특수 목적용 기계 제조업,7840,144.1,0.0826,0.7564,-0.4282,-,PASS,,
로봇,403870,HPSP,특수 목적용 기계 제조업,36335,1268.3,-0.0465,0.7532,-0.1606,-,PASS,,
로봇,222080,씨아이에스,특수 목적용 기계 제조업,8595,180.7,-0.1993,0.7378,-0.3564,-,PASS,,
로봇,110990,디아이티,특수 목적용 기계 제조업,3776,36.3,-0.075,0.7374,-0.1992,-,PASS,,
로봇,144960,뉴파워프라즈마,특수 목적용 기계 제조업,3849,131.0,0.1119,0.6634,0.0,고점근접,PASS,,
로봇,232140,와이씨,특수 목적용 기계 제조업,12545,139.9,0.2906,0.6122,-0.3002,-,PASS,,
로봇,122640,예스티,특수 목적용 기계 제조업,5430,53.4,-0.1303,0.6053,-0.068,-,PASS,,
로봇,253590,네오셈,특수 목적용 기계 제조업,5887,87.3,-0.3925,0.5199,-0.2812,-,PASS,,
로봇,117730,티로보틱스,특수 목적용 기계 제조업,4002,44.4,-0.2783,0.5066,-0.2685,-,PASS,,
로봇,114810,한솔아이원스,특수 목적용 기계 제조업,3487,31.8,0.2653,0.5066,-0.2686,-,PASS,,
로봇,039440,에스티아이,특수 목적용 기계 제조업,4187,39.1,-0.0179,0.5042,-0.2923,-,PASS,,
로봇,137400,피엔티,특수 목적용 기계 제조업,10175,97.0,-0.2804,0.5008,-0.233,-,PASS,,
로봇,089030,테크윙,특수 목적용 기계 제조업,18119,393.5,-0.1422,0.4948,-0.268,-,PASS,,
로봇,265520,AP시스템,특수 목적용 기계 제조업,3522,24.0,-0.1095,0.4647,-0.1069,-,PASS,,
로봇,168360,펨트론,특수 목적용 기계 제조업,4042,36.3,0.2255,0.3992,-0.3229,-,PASS,,
로봇,348210,넥스틴,특수 목적용 기계 제조업,6538,89.3,-0.4116,0.3294,-0.3665,-,PASS,,
로봇,161580,필옵틱스,특수 목적용 기계 제조업,9893,118.0,-0.7483,0.1442,-0.2355,-,PASS,,
로봇,056190,에스에프에이,특수 목적용 기계 제조업,9552,37.0,-0.2026,0.1338,-0.213,-,PASS,,
로봇,475400,씨메스로보틱스,특수 목적용 기계 제조업,3315,75.0,0.8954,0.0782,-0.3294,-,PASS,,
로봇,455900,엔젤로보틱스,특수 목적용 기계 제조업,4483,117.3,0.1022,0.0725,-0.2124,-,PASS,,
로봇,388720,유일로보틱스,특수 목적용 기계 제조업,12818,397.1,0.0497,0.0443,-0.2133,-,PASS,,
로봇,079370,제우스,특수 목적용 기계 제조업,3474,56.5,-0.219,-0.0608,-0.4318,소외(역발상?),PASS,,
로봇,082270,젬백스,특수 목적용 기계 제조업,6131,40.4,0.3005,-0.7558,-0.7748,소외(역발상?),PASS,,
로봇,378340,필에너지,특수 목적용 기계 제조업,3157,11.8,,,,-,PASS*,,
로봇,036200,유니셈,특수 목적용 기계 제조업,3094,38.5,,,,-,PASS*,,
로봇,036890,진성티이씨,특수 목적용 기계 제조업,3085,34.1,,,,-,PASS*,,
로봇,187870,디바이스,특수 목적용 기계 제조업,3036,137.6,,,,-,PASS*,,
로봇,086390,유니테스트,특수 목적용 기계 제조업,2923,33.4,,,,-,PASS*,,
로봇,459510,나우로보틱스,특수 목적용 기계 제조업,2855,25.5,,,,-,PASS*,,
로봇,078150,HB테크놀러지,특수 목적용 기계 제조업,2717,155.9,,,,-,PASS*,,
로봇,474650,링크솔루션,특수 목적용 기계 제조업,2513,33.5,,,,-,PASS*,,
로봇,099440,스맥,특수 목적용 기계 제조업,2464,40.4,,,,-,PASS*,,
로봇,322310,오로스테크놀로지,특수 목적용 기계 제조업,2243,44.4,,,,-,PASS*,,
로봇,382800,지앤비에스 에코,특수 목적용 기계 제조업,2222,80.0,,,,-,PASS*,,
로봇,232680,라온로보틱스,특수 목적용 기계 제조업,2151,100.2,,,,-,PASS*,,
로봇,083310,엘오티베큠,특수 목적용 기계 제조업,1997,24.1,,,,-,PASS*,,
로봇,138360,앤로보틱스,특수 목적용 기계 제조업,1929,21.0,,,,-,PASS*,,
로봇,372170,윤성에프앤씨,특수 목적용 기계 제조업,1923,5.7,,,,-,PASS*,,
로봇,083930,아바코,특수 목적용 기계 제조업,1892,23.0,,,,-,PASS*,,
로봇,452450,피아이이,특수 목적용 기계 제조업,1809,20.0,,,,-,PASS*,,
로봇,267320,나인테크,특수 목적용 기계 제조업,1705,311.8,,,,-,PASS*,,
로봇,209640,와이제이링크,특수 목적용 기계 제조업,1701,63.3,,,,-,PASS*,,
로봇,259630,엠플러스,특수 목적용 기계 제조업,1644,32.0,,,,-,PASS*,,
로봇,083500,에프엔에스테크,특수 목적용 기계 제조업,1563,36.5,,,,-,PASS*,,
로봇,282880,코윈테크,특수 목적용 기계 제조업,1506,11.2,,,,-,PASS*,,
로봇,469610,이노테크,특수 목적용 기계 제조업,1483,19.7,,,,-,PASS*,,
로봇,041440,현대에버다임,특수 목적용 기계 제조업,1436,18.5,,,,-,PASS*,,
로봇,264660,씨앤지하이테크,특수 목적용 기계 제조업,1436,26.3,,,,-,PASS*,,
로봇,299030,하나기술,특수 목적용 기계 제조업,1421,6.7,,,,-,PASS*,,
로봇,008830,대동기어,특수 목적용 기계 제조업,1398,14.4,,,,-,PASS*,,
로봇,108230,톱텍,특수 목적용 기계 제조업,1397,5.7,,,,-,PASS*,,
로봇,297890,HB솔루션,특수 목적용 기계 제조업,1375,9.1,,,,-,PASS*,,
로봇,381620,제닉스로보틱스,특수 목적용 기계 제조업,1345,65.1,,,,-,PASS*,,
로봇,452190,한빛레이저,특수 목적용 기계 제조업,1344,50.2,,,,-,PASS*,,
로봇,068790,DMS,특수 목적용 기계 제조업,1271,10.0,,,,-,PASS*,,
로봇,323350,다원넥스뷰,특수 목적용 기계 제조업,1249,31.1,,,,-,PASS*,,
로봇,306620,지아이에스,특수 목적용 기계 제조업,1244,36.3,,,,-,PASS*,,
로봇,088130,동아엘텍,특수 목적용 기계 제조업,1227,27.5,,,,-,PASS*,,
로봇,382840,원준,특수 목적용 기계 제조업,1196,29.7,,,,-,PASS*,,
로봇,412350,레이저쎌,특수 목적용 기계 제조업,1194,54.4,,,,-,PASS*,,
로봇,071280,로체시스템즈,특수 목적용 기계 제조업,1163,5.7,,,,-,PASS*,,
로봇,129920,대성하이텍,특수 목적용 기계 제조업,1121,13.4,,,,-,PASS*,,
로봇,141000,비아트론,특수 목적용 기계 제조업,1096,11.6,,,,-,PASS*,,
로봇,049950,미래컴퍼니,특수 목적용 기계 제조업,1090,12.3,,,,-,PASS*,,
로봇,396470,워트,특수 목적용 기계 제조업,1090,13.5,,,,-,PASS*,,
로봇,217820,원익피앤이,특수 목적용 기계 제조업,1084,6.1,,,,-,PASS*,,
로봇,417970,모델솔루션,특수 목적용 기계 제조업,972,8.9,,,,-,PASS*,,
로봇,451220,아이엠티,특수 목적용 기계 제조업,957,23.8,,,,-,PASS*,,
로봇,090470,제이스로보틱스,특수 목적용 기계 제조업,932,5.1,,,,-,PASS*,,
로봇,040910,아이씨디,특수 목적용 기계 제조업,863,5.2,,,,-,PASS*,,
로봇,382480,지아이텍,특수 목적용 기계 제조업,862,10.1,,,,-,PASS*,,
로봇,432470,케이엔에스,특수 목적용 기계 제조업,837,5.5,,,,-,PASS*,,
로봇,317830,에스피시스템스,특수 목적용 기계 제조업,810,10.3,,,,-,PASS*,,
로봇,413390,엠오티,특수 목적용 기계 제조업,793,6.1,,,,-,PASS*,,
로봇,320000,한울반도체,특수 목적용 기계 제조업,793,63.0,,,,-,PASS*,,
로봇,302430,이노메트리,특수 목적용 기계 제조업,777,12.2,,,,-,PASS*,,
로봇,217190,제너셈,특수 목적용 기계 제조업,738,8.7,,,,-,PASS*,,
로봇,251630,브이원텍,특수 목적용 기계 제조업,717,5.1,,,,-,PASS*,,
로봇,217500,러셀,특수 목적용 기계 제조업,662,6.0,,,,-,PASS*,,
로봇,065130,탑엔지니어링,특수 목적용 기계 제조업,638,5.3,,,,-,PASS*,,
로봇,317850,대모,특수 목적용 기계 제조업,598,5.9,,,,-,PASS*,,
로봇,036090,위지트,특수 목적용 기계 제조업,576,38.8,,,,-,PASS*,,
로봇,419080,엔젯,특수 목적용 기계 제조업,547,5.0,,,,-,PASS*,,
로봇,271830,팸텍,특수 목적용 기계 제조업,536,37.5,,,,-,PASS*,,
2차전지,126340,비나텍,일차전지 및 이차전지 제조업,9365,198.9,0.3799,3.995,-0.2534,급등,PASS,,
2차전지,082920,비츠로셀,일차전지 및 이차전지 제조업,23803,231.6,0.1533,2.6894,-0.0789,급등,PASS,,
2차전지,033790,피노,일차전지 및 이차전지 제조업,8867,294.2,7.6308,1.6448,-0.2069,급등,PASS,,
2차전지,393890,더블유씨피,일차전지 및 이차전지 제조업,4907,107.2,-0.6559,1.2011,-0.2572,급등,PASS,,
2차전지,247540,에코프로비엠,일차전지 및 이차전지 제조업,193704,1774.2,-0.085,1.1571,-0.1466,급등,PASS,,
2차전지,243840,신흥에스이씨,일차전지 및 이차전지 제조업,2614,27.9,,,,-,PASS*,,
2차전지,091580,상신이디피,일차전지 및 이차전지 제조업,2578,43.5,,,,-,PASS*,,
2차전지,101360,에코앤드림,일차전지 및 이차전지 제조업,2337,17.7,,,,-,PASS*,,
2차전지,446540,메가터치,일차전지 및 이차전지 제조업,1963,17.6,,,,-,PASS*,,
2차전지,458650,성우,일차전지 및 이차전지 제조업,1672,8.3,,,,-,PASS*,,
반도체소부장,043260,성호전자,전자부품 제조업,33688,6660.9,0.117,27.8927,0.0,급등/고점근접,PASS,,
반도체소부장,327260,RF머트리얼즈,전자부품 제조업,6397,166.2,0.4402,12.7173,-0.1803,급등,PASS,,
반도체소부장,036930,주성엔지니어링,특수 목적용 기계 제조업,91521,7012.1,-0.2411,5.4412,-0.0155,급등/고점근접,PASS,,
반도체소부장,080220,제주반도체,반도체 제조업,34787,1979.0,0.8616,5.326,0.0,급등/고점근접,PASS,,
반도체소부장,420770,기가비스,특수 목적용 기계 제조업,15895,184.9,1.0064,4.5019,-0.1132,급등,PASS,,
반도체소부장,089890,코세스,특수 목적용 기계 제조업,6219,100.8,0.1907,4.4075,-0.2089,급등,PASS,,
반도체소부장,356860,티엘비,전자부품 제조업,9931,300.7,0.4361,4.3832,-0.1046,급등,PASS,,
반도체소부장,319660,피에스케이,특수 목적용 기계 제조업,26244,472.9,0.1486,4.0852,-0.0802,급등,PASS,,
반도체소부장,222800,심텍,전자부품 제조업,39112,1252.2,0.1455,3.9004,-0.116,급등,PASS,,
반도체소부장,064290,인텍플러스,특수 목적용 기계 제조업,5062,187.6,0.0702,3.7303,-0.0653,급등,PASS,,
반도체소부장,095610,테스,특수 목적용 기계 제조업,20251,365.1,0.4625,3.6982,-0.1217,급등,PASS,,
반도체소부장,417840,저스템,특수 목적용 기계 제조업,3370,230.9,0.2478,3.6902,-0.1532,급등,PASS,,
반도체소부장,089970,브이엠,특수 목적용 기계 제조업,13426,270.2,1.0549,3.6598,-0.0798,급등,PASS,,
반도체소부장,108490,로보티즈,특수 목적용 기계 제조업,59361,4333.7,0.2964,3.5788,0.0,급등/고점근접,PASS,,
반도체소부장,240810,원익IPS,특수 목적용 기계 제조업,48053,650.1,0.216,3.0076,-0.2205,급등,PASS,,
반도체소부장,290550,디케이티,전자부품 제조업,4720,122.3,0.0556,2.957,-0.0727,급등,PASS,,
반도체소부장,200470,에이팩트,반도체 제조업,3474,51.8,0.2799,2.6674,-0.0734,급등,PASS,,
반도체소부장,332570,PS일렉트로닉스,전자부품 제조업,4951,384.9,0.0274,2.6296,-0.0986,급등,PASS,,
반도체소부장,078350,한양디지텍,반도체 제조업,4268,145.0,0.0939,2.4182,-0.1125,급등,PASS,,
반도체소부장,067310,하나마이크론,반도체 제조업,27516,508.3,0.2269,2.3849,0.0,급등/고점근접,PASS,,
반도체소부장,241770,메카로,반도체 제조업,3797,24.6,0.5052,2.309,0.0,급등/고점근접,PASS,,
반도체소부장,090360,로보스타,특수 목적용 기계 제조업,15483,2496.4,-0.1504,2.2192,0.0,급등/고점근접,PASS,,
반도체소부장,053610,프로텍,특수 목적용 기계 제조업,6750,57.5,0.3538,2.1959,-0.0876,급등,PASS,,
반도체소부장,077360,덕산하이메탈,반도체 제조업,5248,151.7,0.0022,2.1722,-0.3709,급등,PASS,,
반도체소부장,084370,유진테크,특수 목적용 기계 제조업,27453,269.3,0.0363,2.1714,-0.106,급등,PASS,,
반도체소부장,031980,피에스케이홀딩스,특수 목적용 기계 제조업,21692,241.1,-0.0359,2.0241,-0.1907,급등,PASS,,
반도체소부장,090710,휴림로봇,특수 목적용 기계 제조업,13069,732.8,0.2645,1.9871,-0.2578,급등,PASS,,
반도체소부장,033640,네패스,반도체 제조업,8601,230.4,0.123,1.9369,0.0,급등/고점근접,PASS,,
반도체소부장,033160,엠케이전자,전자부품 제조업,6085,316.3,0.1992,1.7995,-0.0986,급등,PASS,,
반도체소부장,080580,오킨스전자,전자부품 제조업,3503,165.5,0.4153,1.7814,-0.2467,급등,PASS,,
반도체소부장,083450,GST,특수 목적용 기계 제조업,8883,200.0,0.0027,1.7703,-0.1041,급등,PASS,,
반도체소부장,092870,엑시콘,특수 목적용 기계 제조업,3654,77.6,1.0887,1.7678,-0.2371,급등,PASS,,
반도체소부장,039030,이오테크닉스,특수 목적용 기계 제조업,53220,726.5,0.1868,1.7229,-0.0769,급등,PASS,,
반도체소부장,036540,SFA반도체,반도체 제조업,12499,422.7,-0.0826,1.6413,-0.0865,급등,PASS,,
반도체소부장,252990,샘씨엔에스,전자부품 제조업,7539,142.6,0.4627,1.6004,-0.122,급등,PASS,,
반도체소부장,277810,레인보우로보틱스,특수 목적용 기계 제조업,148021,2276.2,0.7638,1.5027,-0.1128,급등,PASS,,
반도체소부장,166090,하나머티리얼즈,반도체 제조업,11530,166.6,0.0868,1.4951,-0.2278,급등,PASS,,
반도체소부장,160980,싸이맥스,특수 목적용 기계 제조업,3288,48.8,-0.004,1.4807,-0.1909,급등,PASS,,
반도체소부장,183300,코미코,특수 목적용 기계 제조업,9509,223.4,0.1912,1.4441,0.0,급등/고점근접,PASS,,
반도체소부장,200710,에이디테크놀로지,반도체 제조업,5210,89.1,0.5441,1.2997,-0.26,급등,PASS,,
반도체소부장,171090,선익시스템,특수 목적용 기계 제조업,7395,81.2,3.5673,1.2968,-0.4412,급등,PASS,,
반도체소부장,094170,동운아나텍,반도체 제조업,8270,77.3,-0.0769,1.2163,-0.2305,급등,PASS,,
반도체소부장,078600,대주전자재료,전자부품 제조업,19628,470.8,0.1609,1.1383,-0.205,급등,PASS,,
반도체소부장,098460,고영,특수 목적용 기계 제조업,22175,485.5,0.1487,1.1371,-0.1975,급등,PASS,,
반도체소부장,323280,태성,특수 목적용 기계 제조업,15849,176.2,-0.3606,1.1183,-0.3472,급등,PASS,,
반도체소부장,456010,아이씨티케이,반도체 제조업,4049,393.2,-0.3985,1.0556,-0.1412,급등,PASS,,
반도체소부장,417200,LS머트리얼즈,전자부품 제조업,12881,310.7,0.081,0.9409,-0.3664,-,PASS,,
반도체소부장,058470,리노공업,전자부품 제조업,70725,980.1,0.3392,0.9136,-0.2221,-,PASS,,
반도체소부장,046890,서울반도체,반도체 제조업,8122,447.3,-0.0706,0.8547,-0.1563,-,PASS,,
반도체소부장,056080,유진로봇,특수 목적용 기계 제조업,7840,144.1,0.0826,0.7564,-0.4282,-,PASS,,
반도체소부장,403870,HPSP,특수 목적용 기계 제조업,36335,1268.3,-0.0465,0.7532,-0.1606,-,PASS,,
반도체소부장,024850,HLB이노베이션,전자부품 제조업,4509,40.4,0.2724,0.7396,-0.3853,-,PASS,,
반도체소부장,222080,씨아이에스,특수 목적용 기계 제조업,8595,180.7,-0.1993,0.7378,-0.3564,-,PASS,,
반도체소부장,110990,디아이티,특수 목적용 기계 제조업,3776,36.3,-0.075,0.7374,-0.1992,-,PASS,,
반도체소부장,144960,뉴파워프라즈마,특수 목적용 기계 제조업,3849,131.0,0.1119,0.6634,0.0,고점근접,PASS,,
반도체소부장,036810,에프에스티,전자부품 제조업,6495,57.0,0.1805,0.6563,-0.3617,-,PASS,,
반도체소부장,425420,티에프이,전자부품 제조업,5729,84.9,0.5177,0.6489,-0.3075,-,PASS,,
반도체소부장,101490,에스앤에스텍,전자부품 제조업,13676,164.5,0.3847,0.6368,-0.3635,-,PASS,,
반도체소부장,232140,와이씨,특수 목적용 기계 제조업,12545,139.9,0.2906,0.6122,-0.3002,-,PASS,,
반도체소부장,122640,예스티,특수 목적용 기계 제조업,5430,53.4,-0.1303,0.6053,-0.068,-,PASS,,
반도체소부장,059090,미코,반도체 제조업,7753,274.8,0.8076,0.5208,0.0,고점근접,PASS,,
반도체소부장,253590,네오셈,특수 목적용 기계 제조업,5887,87.3,-0.3925,0.5199,-0.2812,-,PASS,,
반도체소부장,117730,티로보틱스,특수 목적용 기계 제조업,4002,44.4,-0.2783,0.5066,-0.2685,-,PASS,,
반도체소부장,114810,한솔아이원스,특수 목적용 기계 제조업,3487,31.8,0.2653,0.5066,-0.2686,-,PASS,,
반도체소부장,039440,에스티아이,특수 목적용 기계 제조업,4187,39.1,-0.0179,0.5042,-0.2923,-,PASS,,
반도체소부장,137400,피엔티,특수 목적용 기계 제조업,10175,97.0,-0.2804,0.5008,-0.233,-,PASS,,
반도체소부장,089030,테크윙,특수 목적용 기계 제조업,18119,393.5,-0.1422,0.4948,-0.268,-,PASS,,
반도체소부장,265520,AP시스템,특수 목적용 기계 제조업,3522,24.0,-0.1095,0.4647,-0.1069,-,PASS,,
반도체소부장,452430,사피엔반도체,반도체 제조업,3533,45.2,1.1661,0.4609,0.0,고점근접,PASS,,
반도체소부장,168360,펨트론,특수 목적용 기계 제조업,4042,36.3,0.2255,0.3992,-0.3229,-,PASS,,
반도체소부장,441270,파인엠텍,전자부품 제조업,3485,52.8,-0.3743,0.3805,-0.2675,-,PASS,,
반도체소부장,272290,이녹스첨단소재,전자부품 제조업,5592,64.4,0.0398,0.3377,-0.1974,-,PASS,,
반도체소부장,348210,넥스틴,특수 목적용 기계 제조업,6538,89.3,-0.4116,0.3294,-0.3665,-,PASS,,
반도체소부장,399720,가온칩스,반도체 제조업,6310,47.0,-0.29,0.269,-0.2658,-,PASS,,
반도체소부장,065680,우주일렉트로,전자부품 제조업,3927,35.4,0.0581,0.2497,-0.067,-,PASS,,
반도체소부장,101160,월덱스,전자부품 제조업,4062,27.6,-0.049,0.1848,-0.2489,-,PASS,,
반도체소부장,204270,제이앤티씨,전자부품 제조업,10910,82.8,-0.3205,0.147,-0.3053,-,PASS,,
반도체소부장,161580,필옵틱스,특수 목적용 기계 제조업,9893,118.0,-0.7483,0.1442,-0.2355,-,PASS,,
반도체소부장,056190,에스에프에이,특수 목적용 기계 제조업,9552,37.0,-0.2026,0.1338,-0.213,-,PASS,,
반도체소부장,091700,파트론,전자부품 제조업,3340,17.8,-0.0921,0.0973,-0.2233,-,PASS,,
반도체소부장,213420,덕산네오룩스,전자부품 제조업,8890,92.8,0.6222,0.0928,-0.2911,-,PASS,,
반도체소부장,475400,씨메스로보틱스,특수 목적용 기계 제조업,3315,75.0,0.8954,0.0782,-0.3294,-,PASS,,
반도체소부장,455900,엔젤로보틱스,특수 목적용 기계 제조업,4483,117.3,0.1022,0.0725,-0.2124,-,PASS,,
반도체소부장,388720,유일로보틱스,특수 목적용 기계 제조업,12818,397.1,0.0497,0.0443,-0.2133,-,PASS,,
반도체소부장,079370,제우스,특수 목적용 기계 제조업,3474,56.5,-0.219,-0.0608,-0.4318,소외(역발상?),PASS,,
반도체소부장,445090,에이직랜드,반도체 제조업,3425,123.0,-0.2255,-0.087,-0.0427,고점근접,PASS,,
반도체소부장,214430,아이쓰리시스템,전자부품 제조업,5181,57.7,0.0296,-0.1764,-0.4546,소외(역발상?),PASS,,
반도체소부장,025320,시노펙스,전자부품 제조업,4373,30.7,0.0973,-0.3036,-0.3805,소외(역발상?),PASS,,
반도체소부장,082270,젬백스,특수 목적용 기계 제조업,6131,40.4,0.3005,-0.7558,-0.7748,소외(역발상?),PASS,,
반도체소부장,388210,씨엠티엑스,전자부품 제조업,10446,157.4,,,,-,PASS,,
반도체소부장,094360,칩스앤미디어,반도체 제조업,3186,23.2,,,,-,PASS*,,
반도체소부장,378340,필에너지,특수 목적용 기계 제조업,3157,11.8,,,,-,PASS*,,
반도체소부장,219130,타이거일렉,전자부품 제조업,3145,14.4,,,,-,PASS*,,
반도체소부장,052710,아모텍,전자부품 제조업,3112,157.5,,,,-,PASS*,,
반도체소부장,036200,유니셈,특수 목적용 기계 제조업,3094,38.5,,,,-,PASS*,,
반도체소부장,036890,진성티이씨,특수 목적용 기계 제조업,3085,34.1,,,,-,PASS*,,
반도체소부장,355150,코스텍시스,반도체 제조업,3072,124.7,,,,-,PASS*,,
반도체소부장,187870,디바이스,특수 목적용 기계 제조업,3036,137.6,,,,-,PASS*,,
반도체소부장,086390,유니테스트,특수 목적용 기계 제조업,2923,33.4,,,,-,PASS*,,
반도체소부장,061970,LB세미콘,반도체 제조업,2887,27.7,,,,-,PASS*,,
반도체소부장,459510,나우로보틱스,특수 목적용 기계 제조업,2855,25.5,,,,-,PASS*,,
반도체소부장,084850,아이티엠반도체,전자부품 제조업,2751,6.0,,,,-,PASS*,,
반도체소부장,060720,KH바텍,전자부품 제조업,2721,24.7,,,,-,PASS*,,
반도체소부장,078150,HB테크놀러지,특수 목적용 기계 제조업,2717,155.9,,,,-,PASS*,,
반도체소부장,474650,링크솔루션,특수 목적용 기계 제조업,2513,33.5,,,,-,PASS*,,
반도체소부장,389020,자람테크놀로지,반도체 제조업,2493,30.6,,,,-,PASS*,,
반도체소부장,190510,나무가,전자부품 제조업,2465,20.9,,,,-,PASS*,,
반도체소부장,099440,스맥,특수 목적용 기계 제조업,2464,40.4,,,,-,PASS*,,
반도체소부장,054210,이랜텍,전자부품 제조업,2430,33.8,,,,-,PASS*,,
반도체소부장,272110,케이엔제이,반도체 제조업,2388,41.0,,,,-,PASS*,,
반도체소부장,051370,인터플렉스,전자부품 제조업,2349,20.0,,,,-,PASS*,,
반도체소부장,098120,마이크로컨텍솔,전자부품 제조업,2332,51.9,,,,-,PASS*,,
반도체소부장,036170,에이치엠넥스,반도체 제조업,2323,44.2,,,,-,PASS*,,
반도체소부장,322310,오로스테크놀로지,특수 목적용 기계 제조업,2243,44.4,,,,-,PASS*,,
반도체소부장,382800,지앤비에스 에코,특수 목적용 기계 제조업,2222,80.0,,,,-,PASS*,,
반도체소부장,126730,코칩,전자부품 제조업,2166,170.8,,,,-,PASS*,,
반도체소부장,232680,라온로보틱스,특수 목적용 기계 제조업,2151,100.2,,,,-,PASS*,,
반도체소부장,123860,아나패스,반도체 제조업,2142,48.5,,,,-,PASS*,,
반도체소부장,432720,퀄리타스반도체,반도체 제조업,2093,56.7,,,,-,PASS*,,
반도체소부장,402490,그린리소스,반도체 제조업,2083,60.8,,,,-,PASS*,,
반도체소부장,054450,텔레칩스,반도체 제조업,2070,36.6,,,,-,PASS*,,
반도체소부장,149950,아바텍,전자부품 제조업,2064,82.1,,,,-,PASS*,,
반도체소부장,083310,엘오티베큠,특수 목적용 기계 제조업,1997,24.1,,,,-,PASS*,,
반도체소부장,418420,라온텍,전자부품 제조업,1940,47.6,,,,-,PASS*,,
반도체소부장,042600,새로닉스,전자부품 제조업,1933,5.5,,,,-,PASS*,,
반도체소부장,138360,앤로보틱스,특수 목적용 기계 제조업,1929,21.0,,,,-,PASS*,,
반도체소부장,372170,윤성에프앤씨,특수 목적용 기계 제조업,1923,5.7,,,,-,PASS*,,
반도체소부장,102120,어보브반도체,반도체 제조업,1920,28.0,,,,-,PASS*,,
반도체소부장,122990,와이솔,전자부품 제조업,1902,10.0,,,,-,PASS*,,
반도체소부장,083930,아바코,특수 목적용 기계 제조업,1892,23.0,,,,-,PASS*,,
반도체소부장,264850,이랜시스,전자부품 제조업,1875,53.3,,,,-,PASS*,,
반도체소부장,032580,피델릭스,반도체 제조업,1862,148.2,,,,-,PASS*,,
반도체소부장,452450,피아이이,특수 목적용 기계 제조업,1809,20.0,,,,-,PASS*,,
반도체소부장,371950,풍원정밀,전자부품 제조업,1725,5.1,,,,-,PASS*,,
반도체소부장,267320,나인테크,특수 목적용 기계 제조업,1705,311.8,,,,-,PASS*,,
반도체소부장,209640,와이제이링크,특수 목적용 기계 제조업,1701,63.3,,,,-,PASS*,,
반도체소부장,146320,비씨엔씨,반도체 제조업,1698,9.0,,,,-,PASS*,,
반도체소부장,226590,엠디바이스,전자부품 제조업,1684,27.9,,,,-,PASS*,,
반도체소부장,140670,알에스오토메이션,전자부품 제조업,1659,33.0,,,,-,PASS*,,
반도체소부장,259630,엠플러스,특수 목적용 기계 제조업,1644,32.0,,,,-,PASS*,,
반도체소부장,036010,아비코전자,전자부품 제조업,1599,91.8,,,,-,PASS*,,
반도체소부장,083500,에프엔에스테크,특수 목적용 기계 제조업,1563,36.5,,,,-,PASS*,,
반도체소부장,289930,웨이비스,반도체 제조업,1525,17.1,,,,-,PASS*,,
반도체소부장,282880,코윈테크,특수 목적용 기계 제조업,1506,11.2,,,,-,PASS*,,
반도체소부장,125210,아모그린텍,전자부품 제조업,1493,23.1,,,,-,PASS*,,
반도체소부장,469610,이노테크,특수 목적용 기계 제조업,1483,19.7,,,,-,PASS*,,
반도체소부장,059120,아진엑스텍,반도체 제조업,1452,37.7,,,,-,PASS*,,
반도체소부장,041440,현대에버다임,특수 목적용 기계 제조업,1436,18.5,,,,-,PASS*,,
반도체소부장,264660,씨앤지하이테크,특수 목적용 기계 제조업,1436,26.3,,,,-,PASS*,,
반도체소부장,299030,하나기술,특수 목적용 기계 제조업,1421,6.7,,,,-,PASS*,,
반도체소부장,008830,대동기어,특수 목적용 기계 제조업,1398,14.4,,,,-,PASS*,,
반도체소부장,108230,톱텍,특수 목적용 기계 제조업,1397,5.7,,,,-,PASS*,,
반도체소부장,297890,HB솔루션,특수 목적용 기계 제조업,1375,9.1,,,,-,PASS*,,
반도체소부장,381620,제닉스로보틱스,특수 목적용 기계 제조업,1345,65.1,,,,-,PASS*,,
반도체소부장,452190,한빛레이저,특수 목적용 기계 제조업,1344,50.2,,,,-,PASS*,,
반도체소부장,148150,세경하이테크,전자부품 제조업,1342,6.4,,,,-,PASS*,,
반도체소부장,396270,넥스트칩,반도체 제조업,1315,24.2,,,,-,PASS*,,
반도체소부장,321370,센서뷰,전자부품 제조업,1302,62.5,,,,-,PASS*,,
반도체소부장,357580,아모센스,전자부품 제조업,1279,38.7,,,,-,PASS*,,
반도체소부장,290740,액트로,전자부품 제조업,1278,12.1,,,,-,PASS*,,
반도체소부장,068790,DMS,특수 목적용 기계 제조업,1271,10.0,,,,-,PASS*,,
반도체소부장,323350,다원넥스뷰,특수 목적용 기계 제조업,1249,31.1,,,,-,PASS*,,
반도체소부장,306620,지아이에스,특수 목적용 기계 제조업,1244,36.3,,,,-,PASS*,,
반도체소부장,088130,동아엘텍,특수 목적용 기계 제조업,1227,27.5,,,,-,PASS*,,
반도체소부장,382840,원준,특수 목적용 기계 제조업,1196,29.7,,,,-,PASS*,,
반도체소부장,412350,레이저쎌,특수 목적용 기계 제조업,1194,54.4,,,,-,PASS*,,
반도체소부장,071280,로체시스템즈,특수 목적용 기계 제조업,1163,5.7,,,,-,PASS*,,
반도체소부장,172670,에이엘티,반도체 제조업,1145,16.3,,,,-,PASS*,,
반도체소부장,129920,대성하이텍,특수 목적용 기계 제조업,1121,13.4,,,,-,PASS*,,
반도체소부장,234030,싸이닉솔루션,반도체 제조업,1113,8.0,,,,-,PASS*,,
반도체소부장,141000,비아트론,특수 목적용 기계 제조업,1096,11.6,,,,-,PASS*,,
반도체소부장,049950,미래컴퍼니,특수 목적용 기계 제조업,1090,12.3,,,,-,PASS*,,
반도체소부장,396470,워트,특수 목적용 기계 제조업,1090,13.5,,,,-,PASS*,,
반도체소부장,217820,원익피앤이,특수 목적용 기계 제조업,1084,6.1,,,,-,PASS*,,
반도체소부장,317770,엑스페릭스,전자부품 제조업,1082,26.8,,,,-,PASS*,,
반도체소부장,085670,뉴프렉스,전자부품 제조업,1071,10.7,,,,-,PASS*,,
반도체소부장,052860,아이앤씨,반도체 제조업,1063,5.5,,,,-,PASS*,,
반도체소부장,212710,아이에스티이,반도체 제조업,1045,26.5,,,,-,PASS*,,
반도체소부장,045970,코아시아,전자부품 제조업,1034,6.0,,,,-,PASS*,,
반도체소부장,044990,에이치엔에스하이텍,전자부품 제조업,1004,6.3,,,,-,PASS*,,
반도체소부장,066310,큐에스아이,반도체 제조업,993,17.5,,,,-,PASS*,,
반도체소부장,131400,이브이첨단소재,전자부품 제조업,973,346.7,,,,-,PASS*,,
반도체소부장,417970,모델솔루션,특수 목적용 기계 제조업,972,8.9,,,,-,PASS*,,
반도체소부장,049080,기가레인,전자부품 제조업,968,47.2,,,,-,PASS*,,
반도체소부장,451220,아이엠티,특수 목적용 기계 제조업,957,23.8,,,,-,PASS*,,
반도체소부장,090470,제이스로보틱스,특수 목적용 기계 제조업,932,5.1,,,,-,PASS*,,
반도체소부장,311320,지오엘리먼트,전자부품 제조업,917,8.2,,,,-,PASS*,,
반도체소부장,117670,알파칩스,반도체 제조업,887,5.9,,,,-,PASS*,,
반도체소부장,072950,빛샘전자,전자부품 제조업,879,48.1,,,,-,PASS*,,
반도체소부장,321260,프로이천,반도체 제조업,865,30.7,,,,-,PASS*,,
반도체소부장,040910,아이씨디,특수 목적용 기계 제조업,863,5.2,,,,-,PASS*,,
반도체소부장,382480,지아이텍,특수 목적용 기계 제조업,862,10.1,,,,-,PASS*,,
반도체소부장,432470,케이엔에스,특수 목적용 기계 제조업,837,5.5,,,,-,PASS*,,
반도체소부장,123010,알엔티엑스,전자부품 제조업,824,15.8,,,,-,PASS*,,
반도체소부장,317830,에스피시스템스,특수 목적용 기계 제조업,810,10.3,,,,-,PASS*,,
반도체소부장,413390,엠오티,특수 목적용 기계 제조업,793,6.1,,,,-,PASS*,,
반도체소부장,320000,한울반도체,특수 목적용 기계 제조업,793,63.0,,,,-,PASS*,,
반도체소부장,054040,한국컴퓨터,전자부품 제조업,788,7.8,,,,-,PASS*,,
반도체소부장,302430,이노메트리,특수 목적용 기계 제조업,777,12.2,,,,-,PASS*,,
반도체소부장,038460,바이오스마트,전자부품 제조업,770,9.5,,,,-,PASS*,,
반도체소부장,217190,제너셈,특수 목적용 기계 제조업,738,8.7,,,,-,PASS*,,
반도체소부장,092300,현우산업,전자부품 제조업,732,12.1,,,,-,PASS*,,
반도체소부장,251630,브이원텍,특수 목적용 기계 제조업,717,5.1,,,,-,PASS*,,
반도체소부장,217500,러셀,특수 목적용 기계 제조업,662,6.0,,,,-,PASS*,,
반도체소부장,155650,와이엠씨,전자부품 제조업,643,5.3,,,,-,PASS*,,
반도체소부장,065130,탑엔지니어링,특수 목적용 기계 제조업,638,5.3,,,,-,PASS*,,
반도체소부장,088280,쏘닉스,반도체 제조업,617,8.5,,,,-,PASS*,,
반도체소부장,317850,대모,특수 목적용 기계 제조업,598,5.9,,,,-,PASS*,,
반도체소부장,036090,위지트,특수 목적용 기계 제조업,576,38.8,,,,-,PASS*,,
반도체소부장,419080,엔젯,특수 목적용 기계 제조업,547,5.0,,,,-,PASS*,,
반도체소부장,177900,쓰리에이로직스,반도체 제조업,546,6.4,,,,-,PASS*,,
반도체소부장,271830,팸텍,특수 목적용 기계 제조업,536,37.5,,,,-,PASS*,,
바이오,458870,씨어스,의료용 기기 제조업,11228,98.6,4.9472,2.8387,-0.461,급등,PASS,,
바이오,475830,오름테라퓨틱,기초 의약물질 제조업,13704,107.2,-0.9989,2.5741,-0.5111,급등,PASS,,
바이오,174900,앱클론,의료용품 및 기타 의약 관련제품 제조업,6764,96.4,1.0147,2.5391,-0.4645,급등,PASS,,
바이오,376900,로킷헬스케어,의료용품 및 기타 의약 관련제품 제조업,8604,90.8,1.0019,2.4229,-0.5657,급등,PASS,,
바이오,042520,한스바이오메드,의료용품 및 기타 의약 관련제품 제조업,3751,70.9,0.1065,2.3525,-0.4782,급등,PASS,,
바이오,290650,엘앤씨바이오,의약품 제조업,21252,350.1,0.1856,1.7315,-0.2008,급등,PASS,,
바이오,214370,케어젠,기초 의약물질 제조업,43885,99.2,-0.1184,1.581,-0.4028,급등,PASS,,
바이오,445680,큐리옥스바이오시스템즈,의료용 기기 제조업,15982,136.2,0.1229,1.3329,-0.2232,급등,PASS,,
바이오,000250,삼천당제약,의약품 제조업,70842,790.8,0.099,1.3014,-0.6357,급등,PASS,,
바이오,041830,인바디,의료용 기기 제조업,5763,35.4,0.1442,0.9224,-0.0676,-,PASS,,
바이오,237690,에스티팜,의약품 제조업,25743,188.6,0.2116,0.7416,-0.2268,-,PASS,,
바이오,298380,에이비엘바이오,기초 의약물질 제조업,59963,426.3,1.3755,0.6652,-0.4645,-,PASS,,
바이오,087010,펩트론,기초 의약물질 제조업,63073,546.6,0.7876,0.5985,-0.2044,-,PASS,,
바이오,039200,오스코텍,의약품 제조업,16068,385.1,1.9358,0.4677,-0.3226,-,PASS,,
바이오,304360,에스바이오메딕스,의약품 제조업,3542,16.3,0.2049,0.4673,-0.2503,-,PASS,,
바이오,102940,코오롱생명과학,기초 의약물질 제조업,6624,17.8,0.2949,0.4105,-0.2191,-,PASS,,
바이오,041960,코미팜,의약품 제조업,5268,20.4,-0.1074,0.365,-0.2665,-,PASS,,
바이오,085660,차바이오텍,기초 의약물질 제조업,11938,55.8,0.2136,0.2519,-0.4124,-,PASS,,
바이오,086450,동국제약,의약품 제조업,8377,72.1,0.1412,0.1337,-0.2251,-,PASS,,
바이오,007390,네이처셀,기초 의약물질 제조업,19814,975.4,-0.3587,0.0916,-0.1865,-,PASS,,
바이오,243070,휴온스,의약품 제조업,3312,14.9,0.0517,0.0595,-0.0799,-,PASS,,
바이오,195940,HK이노엔,의약품 제조업,12069,92.8,0.185,0.0514,-0.2433,-,PASS,,
바이오,028300,HLB,의료용품 및 기타 의약 관련제품 제조업,69396,431.1,0.2355,0.0346,-0.1431,-,PASS,,
바이오,099190,아이센스,의료용 기기 제조업,4831,18.2,0.0835,0.0028,-0.2851,-,PASS,,
바이오,068760,셀트리온제약,의약품 제조업,20514,73.3,0.1226,-0.0203,-0.368,소외(역발상?),PASS,,
바이오,340570,티앤엘,의료용품 및 기타 의약 관련제품 제조업,4422,67.0,-0.0614,-0.0571,-0.1111,-,PASS,,
바이오,096530,씨젠,의료용품 및 기타 의약 관련제품 제조업,16634,214.6,0.1448,-0.0816,-0.0378,고점근접,PASS,,
바이오,078160,메디포스트,기초 의약물질 제조업,4454,20.4,0.0425,-0.0874,-0.5928,소외(역발상?),PASS,,
바이오,389650,넥스트바이오메디컬,의료용 기기 제조업,3518,47.9,0.7267,-0.1053,-0.5246,소외(역발상?),PASS,,
바이오,206650,유바이오로직스,의약품 제조업,3636,33.1,0.5535,-0.1736,-0.3378,소외(역발상?),PASS,,
바이오,214150,클래시스,의료용 기기 제조업,27823,116.0,0.3864,-0.2863,-0.426,소외(역발상?),PASS,,
바이오,336570,원텍,의료용 기기 제조업,7023,118.1,0.3608,-0.2996,-0.3922,소외(역발상?),PASS,,
바이오,084110,휴온스글로벌,의약품 제조업,3608,31.0,0.0418,-0.3015,-0.5701,소외(역발상?),PASS,,
바이오,145020,휴젤,기초 의약물질 제조업,29899,149.4,0.1396,-0.3595,-0.3737,소외(역발상?),PASS,,
바이오,214450,파마리서치,의료용품 및 기타 의약 관련제품 제조업,30182,251.6,0.5318,-0.4022,-0.5728,소외(역발상?),PASS,,
바이오,086900,메디톡스,기초 의약물질 제조업,6342,105.5,0.0817,-0.4581,-0.5115,소외(역발상?),PASS,,
바이오,491000,리브스메드,의료용 기기 제조업,11990,119.8,,,,-,PASS,,
바이오,439960,코스모로보틱스,의료용 기기 제조업,9408,853.6,,,,-,PASS*,,
바이오,456160,지투지바이오,의약품 제조업,8885,75.5,-0.4498,,,-,PASS,,
바이오,099430,바이오플러스,기초 의약물질 제조업,3131,42.4,,,,-,PASS*,,
바이오,450950,아스테라시스,의료용 기기 제조업,3055,5.1,,,,-,PASS*,,
바이오,200130,콜마비앤에이치,기초 의약물질 제조업,3024,10.9,,,,-,PASS*,,
바이오,200670,휴메딕스,의약품 제조업,2965,9.2,,,,-,PASS*,,
바이오,041920,메디아나,의료용 기기 제조업,2953,35.2,,,,-,PASS*,,
바이오,314930,바이오다인,의료용 기기 제조업,2890,5.8,,,,-,PASS*,,
바이오,043150,바텍,의료용 기기 제조업,2781,5.6,,,,-,PASS*,,
바이오,053030,바이넥스,의약품 제조업,2778,21.1,,,,-,PASS*,,
바이오,220100,퓨쳐켐,의약품 제조업,2714,31.0,,,,-,PASS*,,
바이오,308430,셀비온,의약품 제조업,2504,13.0,,,,-,PASS*,,
바이오,217730,강스템바이오텍,기초 의약물질 제조업,2502,21.0,,,,-,PASS*,,
바이오,314130,지놈앤컴퍼니,기초 의약물질 제조업,2481,22.3,,,,-,PASS*,,
바이오,100120,뷰웍스,의료용 기기 제조업,2373,9.3,,,,-,PASS*,,
바이오,138610,나이벡,의료용품 및 기타 의약 관련제품 제조업,2347,16.0,,,,-,PASS*,,
바이오,394420,리센스메디컬,의료용 기기 제조업,2302,85.7,,,,-,PASS*,,
바이오,206640,바디텍메드,의료용품 및 기타 의약 관련제품 제조업,2283,6.5,,,,-,PASS*,,
바이오,0088M0,메쥬,의료용 기기 제조업,2218,34.3,,,,-,PASS*,,
바이오,067080,대화제약,의약품 제조업,2178,8.2,,,,-,PASS*,,
바이오,064550,바이오니아,의료용품 및 기타 의약 관련제품 제조업,2165,11.4,,,,-,PASS*,,
바이오,119610,인터로조,의료용 기기 제조업,2145,17.7,,,,-,PASS*,,
바이오,256840,한국비엔씨,기초 의약물질 제조업,2045,14.7,,,,-,PASS*,,
바이오,086820,바이오솔루션,기초 의약물질 제조업,1835,24.8,,,,-,PASS*,,
바이오,216080,제테마,의료용품 및 기타 의약 관련제품 제조업,1812,16.1,,,,-,PASS*,,
바이오,039860,나노엔텍,의료용 기기 제조업,1752,22.6,,,,-,PASS*,,
바이오,058820,CMG제약,의약품 제조업,1737,8.3,,,,-,PASS*,,
바이오,082800,비보존 제약,의약품 제조업,1718,91.2,,,,-,PASS*,,
바이오,106190,하이텍팜,기초 의약물질 제조업,1612,8.4,,,,-,PASS*,,
바이오,234690,녹십자웰빙,의약품 제조업,1602,14.7,,,,-,PASS*,,
바이오,166480,코아스템켐온,의약품 제조업,1602,21.4,,,,-,PASS*,,
바이오,023910,대한약품,의약품 제조업,1581,5.1,,,,-,PASS*,,
바이오,048870,시너지이노베이션,의료용 기기 제조업,1515,8.1,,,,-,PASS*,,
바이오,001540,안국약품,의약품 제조업,1480,20.2,,,,-,PASS*,,
바이오,056090,시지메드텍,의료용 기기 제조업,1420,10.8,,,,-,PASS*,,
바이오,307750,국전,의약품 제조업,1379,6.0,,,,-,PASS*,,
바이오,331920,셀레믹스,기초 의약물질 제조업,1371,15.8,,,,-,PASS*,,
바이오,240550,동방메디컬,의료용 기기 제조업,1352,9.6,,,,-,PASS*,,
바이오,086890,이수앱지스,의료용품 및 기타 의약 관련제품 제조업,1325,7.0,,,,-,PASS*,,
바이오,256940,킵스파마,의약품 제조업,1307,10.6,,,,-,PASS*,,
바이오,006620,동구바이오제약,의약품 제조업,1196,8.6,,,,-,PASS*,,
바이오,156100,엘앤케이바이오,의료용 기기 제조업,1180,6.6,,,,-,PASS*,,
바이오,214680,디알텍,의료용 기기 제조업,1111,6.8,,,,-,PASS*,,
바이오,131030,옵투스제약,의약품 제조업,1075,8.6,,,,-,PASS*,,
바이오,456070,이엔셀,기초 의약물질 제조업,1060,7.9,,,,-,PASS*,,
바이오,246710,티앤알바이오팹,기초 의약물질 제조업,991,5.2,,,,-,PASS*,,
바이오,059210,메타바이오메드,의료용품 및 기타 의약 관련제품 제조업,984,7.3,,,,-,PASS*,,
바이오,226400,오스테오닉,의료용 기기 제조업,978,16.6,,,,-,PASS*,,
바이오,464490,쿼드메디슨,기초 의약물질 제조업,966,7.3,,,,-,PASS*,,
바이오,142280,녹십자엠에스,의료용품 및 기타 의약 관련제품 제조업,875,59.2,,,,-,PASS*,,
바이오,251120,바이오에프디엔씨,기초 의약물질 제조업,858,5.0,,,,-,PASS*,,
바이오,460940,피앤에스로보틱스,의료용 기기 제조업,848,10.9,,,,-,PASS*,,
바이오,208370,셀바스헬스케어,의료용 기기 제조업,842,6.8,,,,-,PASS*,,
바이오,253840,수젠텍,의료용품 및 기타 의약 관련제품 제조업,839,21.7,,,,-,PASS*,,
바이오,048530,인트론바이오,기초 의약물질 제조업,839,5.6,,,,-,PASS*,,
바이오,054670,대한뉴팜,의약품 제조업,817,6.9,,,,-,PASS*,,
바이오,228670,레이,의료용 기기 제조업,813,6.6,,,,-,PASS*,,
바이오,205470,휴마시스,의료용품 및 기타 의약 관련제품 제조업,797,6.1,,,,-,PASS*,,
바이오,041910,폴라리스AI파마,의약품 제조업,764,6.5,,,,-,PASS*,,
바이오,290660,다이나믹솔루션,의료용 기기 제조업,733,32.9,,,,-,PASS*,,
바이오,191420,테고사이언스,기초 의약물질 제조업,678,13.4,,,,-,PASS*,,
바이오,229000,젠큐릭스,의료용품 및 기타 의약 관련제품 제조업,628,43.3,,,,-,PASS*,,
바이오,305090,마이크로디지탈,의료용 기기 제조업,542,5.2,,,,-,PASS*,,
바이오,378800,샤페론,기초 의약물질 제조업,527,5.3,,,,-,PASS*,,
AI소프트웨어,187660,페니트리움바이오,자연과학 및 공학 연구개발업,3566,207.7,-0.0484,4.7106,-0.6556,급등,PASS,,
AI소프트웨어,226950,올릭스,자연과학 및 공학 연구개발업,31669,1341.9,1.5835,4.0316,-0.1572,급등,PASS,,
AI소프트웨어,127120,제이에스링크,자연과학 및 공학 연구개발업,13450,63.9,0.2143,3.1953,-0.0627,급등,PASS,,
AI소프트웨어,397030,에이프릴바이오,자연과학 및 공학 연구개발업,13416,149.0,-0.9211,2.8573,-0.2064,급등,PASS,,
AI소프트웨어,347700,스피어,소프트웨어 개발 및 공급업,16515,595.8,36.3915,2.6538,-0.2477,급등,PASS,,
AI소프트웨어,476060,온코닉테라퓨틱스,자연과학 및 공학 연구개발업,7896,79.3,2.5982,2.6286,-0.26,급등,PASS,,
AI소프트웨어,347850,디앤디파마텍,자연과학 및 공학 연구개발업,36839,1981.1,-0.6242,2.1901,-0.1129,급등,PASS,,
AI소프트웨어,356680,엑스게이트,소프트웨어 개발 및 공급업,5449,225.3,0.1138,2.012,-0.2364,급등,PASS,,
AI소프트웨어,310210,보로노이,자연과학 및 공학 연구개발업,42877,234.4,,1.621,-0.3034,급등,PASS,,
AI소프트웨어,115180,큐리언트,자연과학 및 공학 연구개발업,10628,34.5,-0.2394,1.3042,-0.2399,급등,PASS,,
AI소프트웨어,466100,클로봇,소프트웨어 개발 및 공급업,12068,379.1,0.2399,1.1411,-0.3612,급등,PASS,,
AI소프트웨어,124500,아이티센글로벌,"컴퓨터 프로그래밍, 시스템 통합 및 관리업",10048,77.4,0.7878,0.747,-0.2598,-,PASS,,
AI소프트웨어,199800,툴젠,자연과학 및 공학 연구개발업,4787,41.0,0.4663,0.6444,-0.3629,-,PASS,,
AI소프트웨어,389470,인벤티지랩,자연과학 및 공학 연구개발업,6614,49.9,0.6483,0.5906,-0.469,-,PASS,,
AI소프트웨어,424870,이뮨온시아,자연과학 및 공학 연구개발업,3908,22.6,,0.3676,-0.5809,-,PASS,,
AI소프트웨어,141080,리가켐바이오,자연과학 및 공학 연구개발업,54678,699.5,0.1243,0.3162,-0.2724,-,PASS,,
AI소프트웨어,394280,오픈엣지테크놀로지,소프트웨어 개발 및 공급업,3989,34.1,0.0476,0.1315,-0.2597,-,PASS,,
AI소프트웨어,064260,다날,소프트웨어 개발 및 공급업,4365,77.4,-0.1363,0.0883,-0.4172,-,PASS,,
AI소프트웨어,263750,펄어비스,소프트웨어 개발 및 공급업,27562,252.0,0.0677,0.0319,-0.3783,-,PASS,,
AI소프트웨어,215600,신라젠,자연과학 및 공학 연구개발업,3831,23.8,1.3494,0.0,-0.3814,-,PASS,,
AI소프트웨어,196170,알테오젠,자연과학 및 공학 연구개발업,191303,1880.2,1.0987,-0.0081,-0.3302,소외(역발상?),PASS,,
AI소프트웨어,052400,코나아이,소프트웨어 개발 및 공급업,8083,71.9,0.3083,-0.0918,-0.1692,-,PASS,,
AI소프트웨어,053800,안랩,소프트웨어 개발 및 공급업,6798,34.2,0.0272,-0.1069,-0.1054,-,PASS,,
AI소프트웨어,095660,네오위즈,소프트웨어 개발 및 공급업,4275,16.7,0.1797,-0.2329,-0.3521,소외(역발상?),PASS,,
AI소프트웨어,225570,넥슨게임즈,소프트웨어 개발 및 공급업,6948,20.4,-0.2997,-0.2417,-0.247,-,PASS,,
AI소프트웨어,287840,인투셀,자연과학 및 공학 연구개발업,4026,26.1,-0.2086,-0.2798,-0.5939,소외(역발상?),PASS,,
AI소프트웨어,069080,웹젠,소프트웨어 개발 및 공급업,3273,13.4,-0.1877,-0.285,-0.3894,소외(역발상?),PASS,,
AI소프트웨어,358570,지아이이노베이션,자연과학 및 공학 연구개발업,9081,177.8,239.4339,-0.3022,-0.319,소외(역발상?),PASS,,
AI소프트웨어,047920,HLB제약,자연과학 및 공학 연구개발업,3808,18.2,0.4997,-0.3149,-0.3289,소외(역발상?),PASS,,
AI소프트웨어,030520,한글과컴퓨터,소프트웨어 개발 및 공급업,4788,36.6,0.0721,-0.3322,-0.3519,소외(역발상?),PASS,,
AI소프트웨어,078340,컴투스,소프트웨어 개발 및 공급업,3222,18.3,0.0036,-0.3595,-0.3571,소외(역발상?),PASS,,
AI소프트웨어,328130,루닛,소프트웨어 개발 및 공급업,11202,112.1,0.5343,-0.3792,-0.4422,소외(역발상?),PASS,,
AI소프트웨어,112040,위메이드,소프트웨어 개발 및 공급업,6627,36.2,-0.1374,-0.4287,-0.4292,소외(역발상?),PASS,,
AI소프트웨어,067160,SOOP,소프트웨어 개발 및 공급업,5719,40.6,0.1292,-0.4474,-0.4545,소외(역발상?),PASS,,
AI소프트웨어,101730,위메이드맥스,소프트웨어 개발 및 공급업,3298,6.5,0.9848,-0.4882,-0.5124,소외(역발상?),PASS,,
AI소프트웨어,293490,카카오게임즈,소프트웨어 개발 및 공급업,8718,26.5,-0.2586,-0.5031,-0.4922,소외(역발상?),PASS,,
AI소프트웨어,376300,디어유,소프트웨어 개발 및 공급업,5614,25.4,0.1198,-0.5992,-0.6154,소외(역발상?),PASS,,
AI소프트웨어,0009K0,에임드바이오,자연과학 및 공학 연구개발업,21827,63.5,,,,-,PASS,,
AI소프트웨어,476830,알지노믹스,자연과학 및 공학 연구개발업,15453,264.6,,,,-,PASS,,
AI소프트웨어,486990,노타,소프트웨어 개발 및 공급업,7450,330.1,,,,-,PASS,,
AI소프트웨어,477850,마키나락스,소프트웨어 개발 및 공급업,4859,328.6,,,,-,PASS*,,
AI소프트웨어,493280,아이엠바이오로직스,자연과학 및 공학 연구개발업,4255,37.1,,,,-,PASS,,
AI소프트웨어,468530,프로티나,자연과학 및 공학 연구개발업,3978,41.0,,,,-,PASS,,
AI소프트웨어,203650,드림시큐리티,소프트웨어 개발 및 공급업,3195,107.1,,,,-,PASS*,,
AI소프트웨어,365270,큐라클,자연과학 및 공학 연구개발업,3174,36.1,,,,-,PASS*,,
AI소프트웨어,298830,슈어소프트테크,소프트웨어 개발 및 공급업,3101,58.1,,,,-,PASS*,,
AI소프트웨어,058970,엠로,소프트웨어 개발 및 공급업,3060,33.3,,,,-,PASS*,,
AI소프트웨어,228760,지노믹트리,자연과학 및 공학 연구개발업,3055,16.4,,,,-,PASS*,,
AI소프트웨어,357880,SKAI,소프트웨어 개발 및 공급업,3018,507.5,,,,-,PASS*,,
AI소프트웨어,0082N0,카나프테라퓨틱스,자연과학 및 공학 연구개발업,2901,23.1,,,,-,PASS*,,
AI소프트웨어,215000,골프존,소프트웨어 개발 및 공급업,2742,22.7,,,,-,PASS*,,
AI소프트웨어,035600,KG이니시스,소프트웨어 개발 및 공급업,2725,9.1,,,,-,PASS*,,
AI소프트웨어,394800,쓰리빌리언,자연과학 및 공학 연구개발업,2668,33.0,,,,-,PASS*,,
AI소프트웨어,108860,셀바스AI,소프트웨어 개발 및 공급업,2667,36.2,,,,-,PASS*,,
AI소프트웨어,338840,와이바이오로직스,자연과학 및 공학 연구개발업,2466,16.5,,,,-,PASS*,,
AI소프트웨어,094480,갤럭시아머니트리,소프트웨어 개발 및 공급업,2460,15.7,,,,-,PASS*,,
AI소프트웨어,242040,나무기술,소프트웨어 개발 및 공급업,2457,904.7,,,,-,PASS*,,
AI소프트웨어,451760,컨텍,"컴퓨터 프로그래밍, 시스템 통합 및 관리업",2412,51.3,,,,-,PASS*,,
AI소프트웨어,402030,코난테크놀로지,소프트웨어 개발 및 공급업,2411,13.9,,,,-,PASS*,,
AI소프트웨어,084990,헬릭스미스,자연과학 및 공학 연구개발업,2392,43.0,,,,-,PASS*,,
AI소프트웨어,304100,솔트룩스,소프트웨어 개발 및 공급업,2346,26.0,,,,-,PASS*,,
AI소프트웨어,461300,아이스크림미디어,소프트웨어 개발 및 공급업,2238,11.6,,,,-,PASS*,,
AI소프트웨어,0007C0,아크릴,소프트웨어 개발 및 공급업,2168,72.4,,,,-,PASS*,,
AI소프트웨어,053300,한국정보인증,소프트웨어 개발 및 공급업,2159,16.0,,,,-,PASS*,,
AI소프트웨어,308080,바이젠셀,자연과학 및 공학 연구개발업,2050,76.0,,,,-,PASS*,,
AI소프트웨어,194480,데브시스터즈,소프트웨어 개발 및 공급업,1927,13.0,,,,-,PASS*,,
AI소프트웨어,041020,폴라리스오피스,소프트웨어 개발 및 공급업,1920,29.3,,,,-,PASS*,,
AI소프트웨어,488280,에스투더블유,소프트웨어 개발 및 공급업,1919,30.8,,,,-,PASS*,,
AI소프트웨어,321550,티움바이오,자연과학 및 공학 연구개발업,1862,34.9,,,,-,PASS*,,
AI소프트웨어,115500,케이씨에스,"컴퓨터 프로그래밍, 시스템 통합 및 관리업",1648,52.9,,,,-,PASS*,,
AI소프트웨어,203400,에이비온,자연과학 및 공학 연구개발업,1643,12.7,,,,-,PASS*,,
AI소프트웨어,380550,뉴로핏,소프트웨어 개발 및 공급업,1615,21.0,,,,-,PASS*,,
AI소프트웨어,095700,제넥신,자연과학 및 공학 연구개발업,1592,6.0,,,,-,PASS*,,
AI소프트웨어,046440,KG파이낸셜,소프트웨어 개발 및 공급업,1557,5.1,,,,-,PASS*,,
AI소프트웨어,293780,압타바이오,자연과학 및 공학 연구개발업,1506,13.0,,,,-,PASS*,,
AI소프트웨어,158430,아톤,소프트웨어 개발 및 공급업,1454,31.8,,,,-,PASS*,,
AI소프트웨어,040160,누리플렉스,소프트웨어 개발 및 공급업,1445,9.4,,,,-,PASS*,,
AI소프트웨어,263860,지니언스,소프트웨어 개발 및 공급업,1394,10.5,,,,-,PASS*,,
AI소프트웨어,204610,티쓰리,소프트웨어 개발 및 공급업,1388,8.1,,,,-,PASS*,,
AI소프트웨어,163730,핑거,소프트웨어 개발 및 공급업,1375,32.0,,,,-,PASS*,,
AI소프트웨어,205500,넥써쓰,소프트웨어 개발 및 공급업,1369,14.8,,,,-,PASS*,,
AI소프트웨어,054920,한컴위드,소프트웨어 개발 및 공급업,1360,31.0,,,,-,PASS*,,
AI소프트웨어,047560,이스트소프트,소프트웨어 개발 및 공급업,1340,7.2,,,,-,PASS*,,
AI소프트웨어,322180,LS티라유텍,소프트웨어 개발 및 공급업,1308,22.5,,,,-,PASS*,,
AI소프트웨어,205100,엑셈,소프트웨어 개발 및 공급업,1274,64.7,,,,-,PASS*,,
AI소프트웨어,323990,박셀바이오,자연과학 및 공학 연구개발업,1244,5.9,,,,-,PASS*,,
AI소프트웨어,040350,크레오에스지,"컴퓨터 프로그래밍, 시스템 통합 및 관리업",1201,45.4,,,,-,PASS*,,
AI소프트웨어,235980,메드팩토,자연과학 및 공학 연구개발업,1188,5.6,,,,-,PASS*,,
AI소프트웨어,331740,아우토크립트,소프트웨어 개발 및 공급업,1185,13.9,,,,-,PASS*,,
AI소프트웨어,338220,뷰노,소프트웨어 개발 및 공급업,1179,8.7,,,,-,PASS*,,
AI소프트웨어,389030,지니너스,자연과학 및 공학 연구개발업,1154,8.8,,,,-,PASS*,,
AI소프트웨어,086960,MDS테크,소프트웨어 개발 및 공급업,1136,45.4,,,,-,PASS*,,
AI소프트웨어,250060,모비스,"컴퓨터 프로그래밍, 시스템 통합 및 관리업",1123,15.3,,,,-,PASS*,,
AI소프트웨어,223250,드림씨아이에스,자연과학 및 공학 연구개발업,1108,14.2,,,,-,PASS*,,
AI소프트웨어,322510,제이엘케이,소프트웨어 개발 및 공급업,1089,10.7,,,,-,PASS*,,
AI소프트웨어,042510,라온시큐어,소프트웨어 개발 및 공급업,1073,21.5,,,,-,PASS*,,
AI소프트웨어,0007J0,인벤테라,자연과학 및 공학 연구개발업,1021,15.9,,,,-,PASS*,,
AI소프트웨어,039980,폴라리스AI,"컴퓨터 프로그래밍, 시스템 통합 및 관리업",1014,28.3,,,,-,PASS*,,
AI소프트웨어,096250,와이즈넛,소프트웨어 개발 및 공급업,1001,7.9,,,,-,PASS*,,
AI소프트웨어,063080,컴투스홀딩스,소프트웨어 개발 및 공급업,999,5.1,,,,-,PASS*,,
AI소프트웨어,173130,오파스넷,"컴퓨터 프로그래밍, 시스템 통합 및 관리업",985,16.4,,,,-,PASS*,,
AI소프트웨어,067000,조이시티,소프트웨어 개발 및 공급업,966,8.4,,,,-,PASS*,,
AI소프트웨어,443670,에스피소프트,"컴퓨터 프로그래밍, 시스템 통합 및 관리업",965,7.7,,,,-,PASS*,,
AI소프트웨어,377480,마음AI,소프트웨어 개발 및 공급업,963,26.9,,,,-,PASS*,,
AI소프트웨어,042500,링네트,"컴퓨터 프로그래밍, 시스템 통합 및 관리업",959,19.8,,,,-,PASS*,,
AI소프트웨어,217330,싸이토젠,자연과학 및 공학 연구개발업,919,15.6,,,,-,PASS*,,
AI소프트웨어,411080,샌즈랩,소프트웨어 개발 및 공급업,915,7.3,,,,-,PASS*,,
AI소프트웨어,189330,씨이랩,소프트웨어 개발 및 공급업,911,103.7,,,,-,PASS*,,
AI소프트웨어,053580,웹케시,소프트웨어 개발 및 공급업,911,6.9,,,,-,PASS*,,
AI소프트웨어,476040,오가노이드사이언스,자연과학 및 공학 연구개발업,908,9.5,,,,-,PASS*,,
AI소프트웨어,010280,아이티센엔텍,"컴퓨터 프로그래밍, 시스템 통합 및 관리업",882,10.2,,,,-,PASS*,,
AI소프트웨어,307870,비투엔,소프트웨어 개발 및 공급업,829,5.0,,,,-,PASS*,,
AI소프트웨어,299660,셀리드,자연과학 및 공학 연구개발업,826,8.1,,,,-,PASS*,,
AI소프트웨어,463020,뉴엔AI,소프트웨어 개발 및 공급업,779,6.3,,,,-,PASS*,,
AI소프트웨어,201490,미투온,소프트웨어 개발 및 공급업,776,9.4,,,,-,PASS*,,
AI소프트웨어,083790,CG인바이츠,자연과학 및 공학 연구개발업,763,8.0,,,,-,PASS*,,
AI소프트웨어,038680,에스넷,"컴퓨터 프로그래밍, 시스템 통합 및 관리업",759,6.8,,,,-,PASS*,,
AI소프트웨어,261780,아리바이오랩,자연과학 및 공학 연구개발업,748,129.4,,,,-,PASS*,,
AI소프트웨어,049480,오픈베이스,"컴퓨터 프로그래밍, 시스템 통합 및 관리업",729,11.1,,,,-,PASS*,,
AI소프트웨어,032850,비트컴퓨터,소프트웨어 개발 및 공급업,719,7.3,,,,-,PASS*,,
AI소프트웨어,347860,알체라,소프트웨어 개발 및 공급업,712,13.5,,,,-,PASS*,,
AI소프트웨어,315640,딥노이드,소프트웨어 개발 및 공급업,705,10.3,,,,-,PASS*,,
AI소프트웨어,033230,인성정보,"컴퓨터 프로그래밍, 시스템 통합 및 관리업",696,6.8,,,,-,PASS*,,
AI소프트웨어,084650,랩지노믹스,자연과학 및 공학 연구개발업,666,11.2,,,,-,PASS*,,
AI소프트웨어,192250,케이사인,소프트웨어 개발 및 공급업,662,5.9,,,,-,PASS*,,
AI소프트웨어,185490,아이진,자연과학 및 공학 연구개발업,658,10.3,,,,-,PASS*,,
AI소프트웨어,045340,토탈소프트,소프트웨어 개발 및 공급업,642,11.1,,,,-,PASS*,,
AI소프트웨어,065440,이루온,소프트웨어 개발 및 공급업,634,23.2,,,,-,PASS*,,
AI소프트웨어,214270,FSN,소프트웨어 개발 및 공급업,625,14.2,,,,-,PASS*,,
AI소프트웨어,184230,SGA솔루션즈,소프트웨어 개발 및 공급업,541,8.5,,,,-,PASS*,,
AI소프트웨어,219420,링크제니시스,소프트웨어 개발 및 공급업,534,5.7,,,,-,PASS*,,
AI소프트웨어,413640,비아이매트릭스,소프트웨어 개발 및 공급업,524,8.7,,,,-,PASS*,,
에너지ESS,058610,에스피지,"전동기, 발전기 및 전기 변환 · 공급 · 제어 장치 제조업",27433,651.7,-0.1205,3.2246,-0.1952,급등,PASS,,
에너지ESS,178320,서진시스템,기타 전기장비 제조업,46197,1555.7,-0.1215,2.669,-0.0644,급등,PASS,,
에너지ESS,032820,우리기술,"전동기, 발전기 및 전기 변환 · 공급 · 제어 장치 제조업",24969,682.3,0.2229,2.042,-0.3264,급등,PASS,,
에너지ESS,107640,한중엔시에스,"전동기, 발전기 및 전기 변환 · 공급 · 제어 장치 제조업",4238,61.6,-0.0112,1.0585,-0.3033,급등,PASS,,
에너지ESS,033100,제룡전기,"전동기, 발전기 및 전기 변환 · 공급 · 제어 장치 제조업",8995,134.7,-0.1474,0.3532,-0.2045,-,PASS,,
에너지ESS,060370,LS마린솔루션,전기 및 통신 공사업,17134,82.0,0.8745,0.0429,-0.1402,-,PASS,,
에너지ESS,119850,지엔씨에너지,"전동기, 발전기 및 전기 변환 · 공급 · 제어 장치 제조업",3471,41.3,0.1605,-0.3686,-0.4816,소외(역발상?),PASS,,
에너지ESS,0011T0,채비,"전동기, 발전기 및 전기 변환 · 공급 · 제어 장치 제조업",4718,51.9,,,,-,PASS*,,
에너지ESS,025770,한국정보통신,전기 통신업,3052,11.1,,,,-,PASS*,,
에너지ESS,036800,나이스정보통신,전기 통신업,2645,9.2,,,,-,PASS*,,
에너지ESS,114190,강원에너지,기타 전기장비 제조업,2644,24.7,,,,-,PASS*,,
에너지ESS,382900,범한퓨얼셀,"전동기, 발전기 및 전기 변환 · 공급 · 제어 장치 제조업",2584,28.5,,,,-,PASS*,,
에너지ESS,199820,제일일렉트릭,"전동기, 발전기 및 전기 변환 · 공급 · 제어 장치 제조업",2453,41.2,,,,-,PASS*,,
에너지ESS,0008Z0,에스엔시스,"전동기, 발전기 및 전기 변환 · 공급 · 제어 장치 제조업",2449,14.7,,,,-,PASS*,,
에너지ESS,045390,대아티아이,기타 전기장비 제조업,2185,24.7,,,,-,PASS*,,
에너지ESS,065710,서호전기,"전동기, 발전기 및 전기 변환 · 공급 · 제어 장치 제조업",2130,7.6,,,,-,PASS*,,
에너지ESS,094820,일진파워,전기 및 통신 공사업,1983,37.7,,,,-,PASS*,,
에너지ESS,462860,더즌,전기 통신업,1937,8.9,,,,-,PASS*,,
에너지ESS,388050,지투파워,"전동기, 발전기 및 전기 변환 · 공급 · 제어 장치 제조업",1719,60.0,,,,-,PASS*,,
에너지ESS,037030,파워넷,"전동기, 발전기 및 전기 변환 · 공급 · 제어 장치 제조업",1704,53.4,,,,-,PASS*,,
에너지ESS,079960,동양이엔피,"전동기, 발전기 및 전기 변환 · 공급 · 제어 장치 제조업",1670,11.4,,,,-,PASS*,,
에너지ESS,047310,파워로직스,"전동기, 발전기 및 전기 변환 · 공급 · 제어 장치 제조업",1534,19.2,,,,-,PASS*,,
에너지ESS,0011A0,액스비스,기타 전기장비 제조업,1486,30.7,,,,-,PASS*,,
에너지ESS,036630,세종텔레콤,전기 및 통신 공사업,1260,7.3,,,,-,PASS*,,
에너지ESS,215100,로보로보,기타 전기장비 제조업,1221,126.1,,,,-,PASS*,,
에너지ESS,282720,금양그린파워,전기 및 통신 공사업,1025,9.2,,,,-,PASS*,,
에너지ESS,262260,에이프로,기타 전기장비 제조업,909,19.1,,,,-,PASS*,,
에너지ESS,079810,APS이노베이션,기타 전기장비 제조업,867,10.9,,,,-,PASS*,,
에너지ESS,294630,서남,기타 전기장비 제조업,841,10.4,,,,-,PASS*,,
에너지ESS,095910,에스에너지,"전동기, 발전기 및 전기 변환 · 공급 · 제어 장치 제조업",560,13.2,,,,-,PASS*,,
에너지ESS,189860,서전기전,"전동기, 발전기 및 전기 변환 · 공급 · 제어 장치 제조업",508,6.7,,,,-,PASS*,,
우주방산,099320,쎄트렉아이,"항공기,우주선 및 부품 제조업",14171,164.8,0.2081,1.8147,-0.3415,급등,PASS,,
우주방산,274090,켄코아에어로스페이스,"항공기,우주선 및 부품 제조업",3255,278.7,-0.1133,1.0817,-0.2047,급등,PASS,,
우주방산,488900,비츠로넥스텍,"항공기,우주선 및 부품 제조업",3492,13.6,,,,-,PASS,,
우주방산,484590,삼양컴텍,무기 및 총포탄 제조업,3219,26.8,,,,-,PASS*,,
우주방산,462350,이노스페이스,"항공기,우주선 및 부품 제조업",2832,46.8,,,,-,PASS*,,
우주방산,478340,나라스페이스테크놀로지,"항공기,우주선 및 부품 제조업",2555,49.5,,,,-,PASS*,,
우주방산,067390,아스트,"항공기,우주선 및 부품 제조업",2395,15.1,,,,-,PASS*,,
우주방산,474170,루미르,"항공기,우주선 및 부품 제조업",1892,35.5,,,,-,PASS*,,
우주방산,288180,케이피항공산업,"항공기,우주선 및 부품 제조업",948,64.6,,,,-,PASS*,,
